"","occurrence_no","genus","ref_author","ref_pubyr"
"1",14625,"Teinostoma","Elder 1981",1981
"2",14644,"Cadulus","Elder 1981",1981
"11",14979,"Ambigostrea","Jablonski and Raup 1999",1999
"12",14980,"Pterotrigonia (Scabrotrigonia)","Jablonski and Raup 1999",1999
"14",14994,"Veniella","Jablonski and Raup 1999",1999
"15",14995,"Tenea","Jablonski and Raup 1999",1999
"16",15030,"Agerostrea","Jablonski and Raup 1999",1999
"27",15143,"Antillocaprina","Jablonski and Raup 1999",1999
"28",15153,"Titanosarcolites","Jablonski and Raup 1999",1999
"44",15311,"Etea","Jablonski and Raup 1999",1999
"50",15423,"Tennessiella","Jablonski and Raup 1999",1999
"66",15585,"Ascaulocardium","Jablonski and Raup 1999",1999
"78",15655,"Gyropleura","Jablonski and Raup 1999",1999
"147",16341,"Gabbigonia","Jablonski and Raup 1999",1999
"151",16370,"Caprotina","Jablonski and Raup 1999",1999
"155",16421,"Neiloides","Jablonski and Raup 1999",1999
"156",16435,"Protagelus","Jablonski and Raup 1999",1999
"157",16445,"Matsudagonia","Jablonski and Raup 1999",1999
"158",16450,"Cnestriella","Jablonski and Raup 1999",1999
"159",16461,"Izumia","Jablonski and Raup 1999",1999
"160",16466,"Mesochione","Jablonski and Raup 1999",1999
"162",16480,"Yaadia","Jablonski and Raup 1999",1999
"163",16502,"Laevitrigonia (Eselaevitrigonia)","Jablonski and Raup 1999",1999
"164",16503,"Oistotrigonia","Jablonski and Raup 1999",1999
"166",16545,"Agriopleura","Jablonski and Raup 1999",1999
"167",16546,"Bournonia","Jablonski and Raup 1999",1999
"169",16548,"Apricardia","Jablonski and Raup 1999",1999
"171",16550,"Biradiolites","Jablonski and Raup 1999",1999
"183",16568,"Lapeirousia","Jablonski and Raup 1999",1999
"186",16571,"Monopleura","Jablonski and Raup 1999",1999
"189",16574,"Praeradiolites","Jablonski and Raup 1999",1999
"194",16579,"Radiolites","Jablonski and Raup 1999",1999
"202",16587,"Radiolitella","Jablonski and Raup 1999",1999
"212",16638,"Medeela","Jablonski and Raup 1999",1999
"221",16647,"Sauvagesia","Jablonski and Raup 1999",1999
"226",16652,"Plagioptychus","Jablonski and Raup 1999",1999
"227",16653,"Pseudopolyconites","Jablonski and Raup 1999",1999
"233",16785,"Venilicardia","Jablonski and Raup 1999",1999
"235",16793,"Procardia","Jablonski and Raup 1999",1999
"250",16944,"Clavagella","Jablonski and Raup 1999",1999
"260",17045,"Regoria","Jablonski and Raup 1999",1999
"263",17058,"Artigesia","Jablonski and Raup 1999",1999
"296",17121,"Subvenericardia","Jablonski and Raup 1999",1999
"300",17127,"Agelasina","Jablonski and Raup 1999",1999
"305",17175,"Colveraia","Jablonski and Raup 1999",1999
"306",17221,"Neoradiolites","Jablonski and Raup 1999",1999
"312",17300,"Maedagonia","Jablonski and Raup 1999",1999
"317",17405,"Bayleia","Jablonski and Raup 1999",1999
"319",17407,"Dictyoptychus","Jablonski and Raup 1999",1999
"326",17436,"Durania","Jablonski and Raup 1999",1999
"335",17550,"Henrywoodsia","Jablonski and Raup 1999",1999
"337",17554,"Haumurigonia","Jablonski and Raup 1999",1999
"339",17556,"Tamuragonia","Jablonski and Raup 1999",1999
"351",17710,"Stirpulina","Jablonski and Raup 1999",1999
"353",17718,"Sabinia","Jablonski and Raup 1999",1999
"355",17720,"Mitrocaprina","Jablonski and Raup 1999",1999
"356",17721,"Joufia","Jablonski and Raup 1999",1999
"400",17983,"Jaitlygonia","Jablonski and Raup 1999",1999
"401",17984,"Frenguelliella","Jablonski and Raup 1999",1999
"416",18102,"Aphaea","Jablonski and Raup 1999",1999
"418",18117,"Pterotrigonia","Jablonski and Raup 1999",1999
"419",18118,"Popenoella","Jablonski and Raup 1999",1999
"421",18156,"Iotrigonia","Jablonski and Raup 1999",1999
"425",18163,"Patagocardia","Jablonski and Raup 1999",1999
"430",18198,"Paracaprinula","Jablonski and Raup 1999",1999
"432",18200,"Vautrinia","Jablonski and Raup 1999",1999
"433",18201,"Dubertretia","Jablonski and Raup 1999",1999
"441",18281,"Tarturia","Jablonski and Raup 1999",1999
"488",18654,"Coralliochama","Jablonski and Raup 1999",1999
"493",18672,"Trechmannites","Jablonski and Raup 1999",1999
"497",18676,"Thyrastylon","Jablonski and Raup 1999",1999
"499",18678,"Huasteca","Jablonski and Raup 1999",1999
"500",18679,"Tampsia","Jablonski and Raup 1999",1999
"502",18685,"Chiapasella","Jablonski and Raup 1999",1999
"512",18716,"Antillosarcolites","Jablonski and Raup 1999",1999
"519",18725,"Alencasterites","Jablonski and Raup 1999",1999
"541",18750,"Caprinula","Jablonski and Raup 1999",1999
"590",18875,"Incomatiella","Jablonski and Raup 1999",1999
"593",18913,"Skwarkoella","Jablonski and Raup 1999",1999
"625",19091,"Osculigera","Jablonski and Raup 1999",1999
"636",19189,"Birkelundita","Jablonski and Raup 1999",1999
"638",19279,"Myoconcha","Jablonski and Raup 1999",1999
"651",19375,"Pleuromya","Jablonski and Raup 1999",1999
"683",19751,"Tashiroella","Jablonski and Raup 1999",1999
"698",19789,"Kuehnia","Jablonski and Raup 1999",1999
"710",19804,"Kurtinia","Jablonski and Raup 1999",1999
"721",19830,"Pseudosabinia","Jablonski and Raup 1999",1999
"725",19841,"Dechaseauxia","Jablonski and Raup 1999",1999
"728",19844,"Hardaghia","Jablonski and Raup 1999",1999
"737",20070,"Dentalium","Elder 1981",1981
"759",21068,"Planorbis","Hansen 1978",1978
"834",23796,"Astandes","Gill et al. 1966",1966
"853",24462,"Conoteuthis","Casey 1961",1961
"854",24473,"Vectibelus","Casey 1961",1961
"858",24485,"Vectianella","Casey 1961",1961
"859",24494,"Colostracon (Ovactaeonina)","Casey 1961",1961
"860",24544,"Eurotrigonia","Casey 1961",1961
"866",24731,"Eomiodon","Casey 1961",1961
"871",24770,"Neohibolites","Casey 1961",1961
"875",24844,"Proveniella","Casey 1961",1961
"876",24847,"Myopholas","Casey 1961",1961
"878",24874,"Tortarctica","Casey 1961",1961
"879",24886,"Epicyprina","Casey 1961",1961
"883",24932,"Noelmorrisia","Casey 1961",1961
"884",25000,"Paosia","Murphy and Rodda 1960",1960
"896",25373,"Mulleria","Casey 1961",1961
"907",25601,"Atresius","Casey 1961",1961
"908",25608,"Toucasia","Casey 1961",1961
"909",25610,"Nerinea","Casey 1961",1961
"911",25682,"Isocyprina","Casey 1961",1961
"918",25800,"Notoscabrotrigonia","von der Osten 1957",1957
"920",25804,"Amphitriscoelus","von der Osten 1957",1957
"921",25814,"Prisconatica","von der Osten 1957",1957
"928",25832,"Hartwellia","Casey 1961",1961
"929",25919,"Neptunopecten","Casey 1961",1961
"933",25998,"Chartroniella","Cox 1954",1954
"934",25999,"Pseudomelania (Oonia)","Cox 1954",1954
"937",26020,"Arctica","Cox 1954",1954
"938",26046,"Caprinuloidea","Allison 1955",1955
"939",26047,"Eunerinea","Allison 1955",1955
"941",26051,"Nerinea (Plesioptygmatis)","Allison 1955",1955
"947",26077,"Alamirifica","Allison 1955",1955
"951",26081,"Aptyxiella (Aptyxiella)","Allison 1955",1955
"958",26121,"Nerinella","Allison 1955",1955
"964",26153,"Tanzanitrigonia","Allison 1955",1955
"968",26593,"Praescabrotrigonia","Scott 1970",1970
"973",26829,"Aviculopecten","Scott 1970",1970
"992",27313,"Lamellaptychus","Borza et al. 1984",1984
"993",27319,"Phylloceras","Borza et al. 1984",1984
"994",27320,"Anahamulina","Borza et al. 1984",1984
"996",27325,"Partschiceras","Borza et al. 1984",1984
"999",27336,"Duvalia","Borza et al. 1984",1984
"1004",27500,"Haplophylloceras","Butterworth et al. 1988",1988
"1005",27504,"Myophorella","Butterworth et al. 1988",1988
"1006",27511,"Belemnopsis","Butterworth et al. 1988",1988
"1010",27541,"Dimitobelus (Tetrabelus)","Butterworth et al. 1988",1988
"1011",27542,"Peratobelus","Butterworth et al. 1988",1988
"1013",27605,"Matheronia","Dhondt and Dieni 1989",1989
"1016",27714,"Oxyteuthis","Marek 1989",1989
"1023",27893,"Pseudobelus","Michalik and Vasicek 1989",1989
"1024",27894,"Vaunagites","Michalik and Vasicek 1989",1989
"1028",27902,"Pseudomelania","Stephenson 1955",1955
"1029",27912,"Hibolites","Michalik and Vasicek 1989",1989
"1047",27941,"Conohibolites","Michalik and Vasicek 1989",1989
"1052",27946,"Mesohibolites","Michalik and Vasicek 1989",1989
"1061",28136,"Trapezium","Imlay 1940",1940
"1065",28219,"Rhynchoteuthis","Jaccard 1869",1869
"1084",28410,"Heminautilus","Jaccard 1869",1869
"1092",28501,"Itieria","Jaccard 1869",1869
"1101",28537,"Cryptoplocus","Jaccard 1869",1869
"1114",28719,"Pseudocassis","Jaccard 1869",1869
"1130",29175,"Tamaragonia","Jaccard 1869",1869
"1134",29219,"Avicula","Jaccard 1869",1869
"1165",30049,"Acteonina","Jaccard 1869",1869
"1173",30170,"Cypricardia","Jaccard 1869",1869
"1177",30191,"Requienia","Jaccard 1869",1869
"1178",30266,"Castellanibelus","Jaccard 1869",1869
"1197",30496,"Neritopsis","Jaccard 1869",1869
"1214",30806,"Tornatella","Haefeli et al. 1965",1965
"1220",30841,"Belemnites","Haefeli et al. 1965",1965
"1238",31322,"Phyllopachyceras","Company et al. 1995",1995
"1240",31327,"Hamulina","Company et al. 1995",1995
"1241",31329,"Phylloceras (Hypophylloceras)","Company et al. 1995",1995
"1286",31476,"Salfeldiella","Company et al. 1995",1995
"1464",32400,"Cylindroteuthis","Saks, ed 1975",1975
"1469",32433,"Lagonibelus","Saks, ed 1975",1975
"1472",32474,"Acroteuthis","Saks, ed 1975",1975
"1494",32602,"Pachyteuthis","Saks, ed 1975",1975
"1515",32769,"Cyclostremiscus","Ivany 1997",1997
"1516",32795,"Tripia","Ivany 1997",1997
"1526",33095,"Vitrinella","Ivany 1997",1997
"1542",33541,"Tornus","Ivany 1997",1997
"1675",34877,"Bogoslovskya","Saks, ed 1975",1975
"1710",35351,"Chondrodonta","Howarth and Morris 1998",1998
"1711",35361,"Heterodiceras","Howarth and Morris 1998",1998
"1712",35362,"Arctostrea","Howarth and Morris 1998",1998
"1714",35784,"Syrotrigonia","Howarth and Morris 1998",1998
"1716",35816,"Laevaptychus","Howarth and Morris 1998",1998
"1719",37032,"Hercoglossa","Toulmin 1977",1977
"1722",37059,"Cimomia","Toulmin 1977",1977
"1748",38591,"Exilia","Toulmin 1977",1977
"1758",40037,"Pyropsis","Cook and Ramsdell 1991",1991
"1768",40195,"Circulus","Anderson 1975",1975
"1784",40551,"Laevitrigonia","Macellari 1988",1988
"1788",41214,"Petalocardia","Bone et al. 1991",1991
"1789",41222,"Dentalium (Pseudantilis)","Bone et al. 1991",1991
"1790",41225,"Belosepia","Bone et al. 1991",1991
"1796",41334,"Bartonia","Cooper 1985",1985
"1797",41346,"Spiratella","Cooper 1985",1985
"1798",41347,"Antalis","Cooper 1985",1985
"1802",41409,"Deltoidonautilus","Bone 1985",1985
"1806",41511,"Skaptotion","Cordiner and Bone 1986",1986
"1811",41648,"Entomope","Jeffery and Tracey 1997",1997
"1812",41678,"Amalda","Pacaud et al. 2013",2013
"1817",41739,"Adeorbis","Jeffery and Tracey 1997",1997
"1818",41774,"Sinustomia","Jeffery and Tracey 1997",1997
"1826",42303,"Aturia","Clark and Durham 1946",1946
"1827",42305,"Akera","Clark and Durham 1946",1946
"1831",44235,"Cyrena","Morellet and Morellet 1945",1945
"1834",44297,"Siphonodentalium","Morellet and Morellet 1945",1945
"1838",44351,"Lapparentia","Morellet and Morellet 1945",1945
"1839",44352,"Stenothyra","Morellet and Morellet 1945",1945
"1841",44472,"Spirancilla","Morellet and Morellet 1945",1945
"1845",44603,"Fustiaria","Toulmin 1977",1977
"1853",44848,"Polyschides","Toulmin 1977",1977
"1856",45291,"Spinaptychus","Kennedy and Cobban 1991",1991
"1872",45556,"Distefanella","Elder 1996",1996
"1881",45858,"Protodolium","Stilwell 1997",1997
"1883",45868,"Dimitobelus (Dimitocamax)","Stilwell 1997",1997
"1888",45923,"Dimitobelus (Dimitobelus)","Stilwell 1997",1997
"1906",46363,"Neoptyxis","Calzada and Mar Urquiola 1995",1995
"1908",46381,"Vertinomia","Calzada 1996",1996
"1909",46394,"Ptygmatis","Kollmann 1985",1985
"1911",46419,"Globiconcha","Kollmann 1985",1985
"1912",46430,"Promathildia","Kollmann 1985",1985
"1913",46432,"Diconomorpha","Kollmann 1985",1985
"1929",47051,"Darendeella","Gallemi et al. 1997",1997
"1941",47221,"Aplocus","Pojarkova 1984",1984
"1942",47222,"Itruvia","Pojarkova 1984",1984
"1943",47235,"Bogdanovaella","Pojarkova 1984",1984
"1945",47428,"Ascensovoluta","Pojarkova 1984",1984
"1946",47508,"Sokolovskya","Pojarkova 1984",1984
"1948",47521,"Ovactaeonella","Pojarkova 1984",1984
"1969",52769,"Himeraelites","Masse et al. 1998",1998
"1971",52771,"Kugleria","Masse et al. 1998",1998
"1972",52773,"Eoradiolites","Masse et al. 1998",1998
"1978",52828,"Actinocamax","Lehmann 1999",1999
"1980",52830,"Belemnocamax","Lehmann 1999",1999
"1984",52938,"Eufistulina","Sohl and Koch 1983",1983
"2035",53586,"Weeksia","Sohl and Koch 1983",1983
"2040",53660,"Teinostoma (Idioraphie)","Sohl and Koch 1983",1983
"2052",53798,"Hercorhynchus","Sohl and Koch 1983",1983
"2057",53858,"Eoacteon","Sohl and Koch 1983",1983
"2061",53919,"Anteglossia","Sohl and Koch 1983",1983
"2099",54342,"Belemnitella","Sohl and Koch 1983",1983
"2196",55436,"Medionapus","Sohl and Koch 1983",1983
"2211",55581,"Hercorhynchus (Hercorhyncus)","Sohl and Koch 1983",1983
"2516",59160,"Promathilda (Clathrobaculus)","Sohl and Koch 1983",1983
"2558",59667,"Nozeba","Sohl and Koch 1983",1983
"2589",60025,"Troostella","Sohl and Koch 1983",1983
"3136",67291,"Hillites","Stephenson 1952",1952
"3143",67512,"Pollex","Stephenson 1952",1952
"3146",67575,"Fictoacteon","Stephenson 1952",1952
"3148",68139,"Provanna","Rigby and Goedert 1996",1996
"3149",68140,"Chiton","Rigby and Goedert 1996",1996
"3150",68192,"Neophylloceras","Kase and Shigeta 1996",1996
"3151",68268,"Clavidrupa","Rossbach and Carter 1991",1991
"3156",68359,"Pseudoperissitys","Kase 1990",1990
"3158",68365,"Nekewis","Kase 1990",1990
"3176",73779,"Belosaepia","Powell and Baum 1982",1982
"3182",74832,"Coccodentalium","Squires 1988",1988
"3239",83002,"Coralliophaga","Dockery 1982",1982
"3294",85555,"Ripleyella","Owens et al. 1970",1970
"3327",85860,"Parietiplicatum","Owens et al. 1970",1970
"3336",86101,"Columbarium","Darragh 1997",1997
"3337",86102,"Microfulgur","Darragh 1997",1997
"3338",86115,"Priscaphander","Darragh 1997",1997
"3340",86119,"Fissidentalium","Darragh 1997",1997
"3341",86120,"Compressidens","Darragh 1997",1997
"3342",86121,"Gadila","Darragh 1997",1997
"3343",86123,"Aturoidea","Darragh 1997",1997
"3346",86159,"Raulinia","Darragh 1997",1997
"3357",86200,"Superstes","Darragh 1997",1997
"3382",88494,"Unio","Stephenson 1952",1952
"3424",89446,"Ambonicardia","Richards 1962",1962
"3426",89483,"Culmia","Taylor et al. 1983",1983
"3434",89583,"Semipirum","Taylor et al. 1983",1983
"3435",89586,"Tantunia","Taylor et al. 1983",1983
"3440",94608,"Bovicornu","Haasl and Hansen 1996",1996
"3461",95349,"Spiradaphne","MacNeil and Dockery 1984",1984
"3464",95363,"Discopsis","MacNeil and Dockery 1984",1984
"3492",96414,"Lepidopleurus","Bielokrys 2000",2000
"3510",97748,"Ceratia","Dockery 1993",1993
"3513",97790,"Neamphitomaria","Dockery 1993",1993
"3518",97808,"Streptacis","Dockery 1993",1993
"3522",97895,"Holospira","Perrilliat et al. 2000",2000
"3596",99065,"Haplovoluta","Sohl 1964",1964
"3703",101291,"Tenuimactra","Garvie 1996",1996
"3714",101591,"Pseudometula","Garvie 1996",1996
"3715",101645,"Trimalaxis","Garvie 1996",1996
"3718",101715,"Dentalium (Laevidentalium)","Adegoke 1977",1977
"3721",101902,"Vincenturris","Adegoke 1977",1977
"3722",101903,"Clinuropsis","Adegoke 1977",1977
"3724",101945,"Sootryenella","Adegoke 1977",1977
"3726",101995,"Kitsonia","Adegoke 1977",1977
"3731",102016,"Cimomia (Afrocimomia)","Adegoke 1977",1977
"3738",102438,"Pachysyrnola","Kemp 1976",1976
"3744",102746,"Valvata","Tracey 1986",1986
"3745",102747,"Hydrobia","Tracey 1986",1986
"3746",102748,"Bythinella","Tracey 1986",1986
"3748",102752,"Pasitheola","Tracey 1986",1986
"3757",103726,"Coluzea","Tracey et al. 1996",1996
"3758",103757,"Nipteraxis","Tracey et al. 1996",1996
"3759",103836,"Straelenotrapezium","Tracey et al. 1996",1996
"3761",103858,"Lobantale","Tracey et al. 1996",1996
"3763",103925,"Stenoplax","Tracey et al. 1996",1996
"3766",103982,"Cavilabium","Tracey et al. 1996",1996
"3773",103994,"Episcynia","Tracey et al. 1996",1996
"3774",104164,"Graphis","Tracey et al. 1996",1996
"3775",104200,"Pseudocominella","Tracey et al. 1996",1996
"3790",104603,"Episiphon","Tracey et al. 1996",1996
"3794",104607,"Vasseuria","Tracey et al. 1996",1996
"3795",104608,"Beloptera","Tracey et al. 1996",1996
"3808",110354,"Tortoliva","Baldi 1973",1973
"3815",117435,"Cirsope","Gitton et al. 1986",1986
"3817",117437,"Pseudamnicola","Gitton et al. 1986",1986
"3821",117615,"Neptunea (Trophonopsis)","Gitton et al. 1986",1986
"3822",117623,"Taphrostomia","Gitton et al. 1986",1986
"3826",117872,"Stenothyrella","Gitton et al. 1986",1986
"3838",123832,"Pygocardia","Schnetler and Beyer 1987",1987
"3839",123948,"Rhabdus","Schnetler and Beyer 1987",1987
"3840",123949,"Dischides","Schnetler and Beyer 1987",1987
"3849",133056,"Physa","Smith 1975",1975
"3852",133100,"Perissitys","Smith 1975",1975
"3866",139137,"Calliphylloceras","Cecca et al. 1989",1989
"3867",139138,"Holcophylloceras","Cecca et al. 1989",1989
"3868",139139,"Ptychophylloceras","Cecca et al. 1989",1989
"3944",144373,"Praeactinocamax","Keller 1982",1982
"3945",145564,"Phylloceras (Phylloceras)","Dieni et al. 1973",1973
"3951",145994,"Medeella","Klinghardt 1943",1943
"3957",146004,"Euphylloceras","Dieni et al. 1973",1973
"3969",157305,"Dentalium (Dentalium)","Stilwell and Henderson 2002",2002
"3970",157306,"Laevidentalium","Stilwell and Henderson 2002",2002
"3971",200401,"Loparia","Pacaud et al. 2000",2000
"3974",200458,"Briardia","Pacaud et al. 2000",2000
"3977",200488,"Houzeauia","Pacaud et al. 2000",2000
"3979",200501,"Berthella","Pacaud et al. 2000",2000
"3981",204131,"Elliptio (Plesielliptio)","Russell 1974",1974
"3982",204132,"Sphaerium","Russell 1974",1974
"3993",205049,"Rhabdotophorus","Russell 1974",1974
"4004",205119,"Hydrobia (Peringia)","Glibert 1973",1973
"4009",205125,"Bouryia","Glibert 1973",1973
"4011",205131,"Goniatogyra","Glibert 1973",1973
"4019",205318,"Tiberia","Glibert 1973",1973
"4021",205332,"Coemansia","Glibert 1973",1973
"4022",205363,"Pythia","Glibert 1973",1973
"4028",205465,"Grandipatula","Kollmann and Peel 1983",1983
"4036",205659,"Chevallieria","Kollmann and Peel 1983",1983
"4045",205833,"Douvilleia","Kollmann and Peel 1983",1983
"4050",232202,"Milovanovicia","Ruberti 1997",1997
"4052",232204,"Jerinella","Ruberti 1997",1997
"4072",232272,"Caprina","Wilmsen 1996",1996
"4073",244902,"Gorjanovicia","Moro 1997",1997
"4080",244959,"Sellaea","Masse et al. 1997",1997
"4087",245118,"Coalcomana","Scott 1981",1981
"4088",245119,"Pseudopetalodontia","Scott 1981",1981
"4109",251360,"Maackia","Huzioka and Takahasi 1970",1970
"4113",255473,"Myrene","Azuma et al. 1992",1992
"4118",256595,"Trigonioides","Buffetaut et al. 2008",2008
"4123",260088,"Megadiceras","Csázár and Turnsek 1996",1996
"4137",279004,"Adansonella","Glibert and van de Poel 1973",1973
"4139",279018,"Neocaprina","Sari and Ozer 2002",2002
"4153",284208,"Fedaiella","Krach 1963",1963
"4164",286804,"Gyraulus","Gingerich 1989",1989
"4178",292580,"Maizania","Pickford and Andrews 1981",1981
"4211",297950,"Fortuna","Wilf 2000",2000
"4228",343018,"Protelliptio","Miller 1964",1964
"4233",343535,"Costocyrena","Matsukawa and Obata 1985",1985
"4234",343536,"Protocyprina","Matsukawa and Obata 1985",1985
"4235",343537,"Nippononaia","Matsukawa and Obata 1985",1985
"4243",365044,"Trechmannella","Meric and DeVries 1966",1966
"4251",366642,"Katzeria","Caffau et al. 1992",1992
"4256",366655,"Eodictyoptychus","Skelton and El-Asa'ad 1992",1992
"4260",366882,"Pachytraga","Baron-Szabo and Steuber 1996",1996
"4263",366886,"Offneria","Baron-Szabo and Steuber 1996",1996
"4269",367417,"Rajka","Sanders 2001",2001
"4288",372514,"Brocchinia","Schnetler 2001",2001
"4301",373766,"Cyclodostomia","Schnetler 2001",2001
"4312",373910,"Actaeopyramis","Schnetler 2001",2001
"4324",385821,"Pterotrigonia (Pterotrigonia)","Kelly 1995",1995
"4325",385822,"Mayesella","Kelly 1995",1995
"4335",386370,"Snatolia","Oleinik 2001",2001
"4340",386432,"Neptunea","Oleinik 2001",2001
"4344",387027,"Hippeutis","Xu et al. 1998",1998
"4349",387078,"Ferganoconcha","Xu et al. 1998",1998
"4358",387734,"Aulacoteuthis","Immel and Mutterlose 1980",1980
"4374",389677,"Dimitobelus","Speden 1973",1973
"4390",391376,"Bruclarkia","Clark 1981",1981
"4391",391414,"Radix","Hugueney et al. 1971",1971
"4398",391714,"Solamen","Addicott 1976",1976
"4420",392499,"Eosiphonalia","Moore 1976",1976
"4421",392511,"Dentalium (Fissidentalium)","Moore 1976",1976
"4441",392792,"Steinmanella","Aguirre-Urreta and Rawson 1999",1999
"4475",394771,"Vallonia","Kadolsky 1975",1975
"4488",405193,"Pseudotoucasia","Masse et al. 2002",2002
"4491",405633,"Lymnaea","Crusafont-Pairo and Golpe-Posse 1974",1974
"4493",405662,"Helix","Crusafont-Pairo and Golpe-Posse 1974",1974
"4494",405665,"Cyclotus","Keeping 1910",1910
"4496",405667,"Clausilia","Keeping 1910",1910
"4497",405668,"Achatina","Keeping 1910",1910
"4499",405677,"Amphidromus","Keeping 1910",1910
"4503",405690,"Cochlostoma","Hooker 1977",1977
"4504",405691,"Palaeoglandina","Hooker 1977",1977
"4505",405694,"Milax","Hooker 1977",1977
"4569",407954,"Triptychia","Roman 1970",1970
"4570",407955,"Bulimus","Roman 1970",1970
"4573",410223,"Shistodesmus","Hayami 1975",1975
"4574",410228,"Nakamuranaia","Hayami 1975",1975
"4577",410278,"Paranodonta","Hayami 1975",1975
"4578",410280,"Plicatounio","Hayami 1975",1975
"4583",410732,"Pseudotritonium","Wood 1846",1846
"4589",410788,"Ancylus","Wood 1846",1846
"4603",410829,"Succinea","Wood 1846",1846
"4636",412423,"Belemnella","Kovaleva et al. 1982",1982
"4650",413110,"Pterotrigonia (Acanthotrigonia)","Hayami 1975",1975
"4651",413779,"Galba","Cray 1973",1973
"4652",413780,"Planorbina","Cray 1973",1973
"4659",413812,"Trigonioides (Wakinoa)","Hayami 1975",1975
"4669",414828,"Yeharella","Hayami 1975",1975
"4673",414848,"Steinmanella (Steinmanella)","Hayami 1975",1975
"4680",414862,"Steinmanella (Setotrigonia)","Hayami 1975",1975
"4684",414874,"Himenourella","Hayami 1975",1975
"4703",414898,"Metacanthotrigonia","Hayami 1975",1975
"4735",415247,"Pterotrigonia (Ptilotrigonia)","Hayami 1975",1975
"4752",415359,"Pseudasaphis","Hayami 1975",1975
"4754",415376,"Crenotrapezium","Hayami 1975",1975
"4811",417485,"Isodomella","Hayami 1975",1975
"4840",418212,"Agapella","Hayami 1975",1975
"4870",419930,"Libitina","Elouard and Roman 1966",1966
"4872",419982,"Diptyxis","Kollmann and Peza 1997",1997
"4873",419983,"Multiptyxis","Peza and Zitt 2002",2002
"4874",419999,"Plesioptyxis","Peza and Zitt 2002",2002
"4925",423143,"Staffinella","MacLeod and Hills 1990",1990
"4932",424648,"Laccinum","Arua 1989",1989
"4953",432615,"Paronella","Cabral-Cano et al. 2000",2000
"4960",435430,"Anisocardia","Garnder et al. 1888",1888
"4986",437175,"Obeliscus","Burton 1933",1933
"4988",437181,"Paludestrina","Burton 1933",1933
"5008",440579,"Nucleopsis","Gardner 1945",1945
"5042",450212,"Praesargana","Anderson 1958",1958
"5048",450258,"Louella","Saul 1978",1978
"5051",450288,"Entalis","Anderson 1958",1958
"5060",451160,"Bulimulus","Anderson 1958",1958
"5097",453619,"Leanzatrigonia","Lazo 2003",2003
"5124",457396,"Amalda (Gracilispira)","Maxwell 1992",1992
"5125",457418,"Pyrgiscilla","Maxwell 1992",1992
"5126",457419,"Costosyrnola","Maxwell 1992",1992
"5130",457425,"Gadilina","Maxwell 1992",1992
"5132",458513,"Spectamen","Maxwell 1992",1992
"5133",458555,"Bastropia","Maxwell 1992",1992
"5137",458568,"Micrancilla","Maxwell 1992",1992
"5156",460638,"Biomphalaria","Melchor et al. 1992",1992
"5159",460643,"Diplodon","Melchor et al. 1992",1992
"5163",462437,"Anodonta","Gingerich et al. 1979",1979
"5190",474129,"Clavagella (Clavagella)","Bielokrys 1991",1991
"5199",474525,"Malbalnella","Korotkov 1994",1994
"5201",474950,"Trajanella","Kiel and Bandel 2003",2003
"5202",474955,"Camponaxis","Kiel and Bandel 2003",2003
"5204",474970,"Beisselia","Kiel and Bandel 2003",2003
"5205",474978,"Schizofusus","Kiel and Bandel 2003",2003
"5214",475039,"Guanacastea","Mitchell et al. 2004",2004
"5219",477087,"Transitrigonia","Kauffman and Leanza 2004",2004
"5220",477088,"Garatella","Kauffman and Leanza 2004",2004
"5221",477089,"Neuquenella","Kauffman and Leanza 2004",2004
"5223",477091,"Myophorella (Haidaia)","Kauffman and Leanza 2004",2004
"5226",480385,"Lychnus","Tabuce et al. 2004",2004
"5228",484106,"Teinostoma (Eutinochilus)","Darragh and Kendrick 2000",2000
"5234",488188,"Reesidella","Estes 1964",1964
"5236",490695,"Leptomurex","Woodring 1973",1973
"5240",490715,"Gadilopsis","Woodring 1973",1973
"5254",492902,"Pisidium","Woodring 1982",1982
"5257",494615,"Adiozoptyxis","Sano 1995",1995
"5260",496709,"Amalda (Baryspira)","Beu et al. 1990",1990
"5342",500265,"Kaitoa","Williamson 1939",1939
"5367",502427,"Leptochiton","Campbell et al. 1993",1993
"5395",515867,"Cadulus (Platyschides)","Nesbitt 1995",1995
"5413",516792,"Aturia (Brazaturia)","Campbell 1995",1995
"5435",517869,"Chiralithes","Olsson 1930",1930
"5492",520511,"Oreoconus","McKenna et al. 1962",1962
"5502",521687,"Oreohelix","Winkler 1983",1983
"5503",521688,"Polygyra","Winkler 1983",1983
"5504",521690,"Grangerella","Winkler 1983",1983
"5507",528851,"Admetopsis","Kirkland 1996",1996
"5526",536015,"Pachychilus","Olsson 1931",1931
"5537",537688,"Caspiconcha","Kelly et al. 2000",2000
"5566",538309,"Pseudotrapezium","Jeletzky 1958",1958
"5575",538790,"Aptychus","Cotillon 1968",1968
"5583",540739,"Phylloceras (Goretophylloceras)","Delamette et al. 1997",1997
"5597",541579,"Paraturbo","Delamette et al. 1997",1997
"5614",544338,"Roudairia","Benavides-Caceres 1956",1956
"5633",545490,"Praeoxyteuthis","Baraboshkin and Mutterlose 2004",2004
"5659",559022,"Neomiodon","Benton and Spencer 1995",1995
"5701",569915,"Sphaerulites","Néraudeau and Moreau 1996",1996
"5709",572157,"Cornirostridae (Tomura)","Kiel 2006",2006
"5711",572167,"Mahajangina","Kiel 2006",2006
"5736",579465,"Pleurodonte","Mansfield 1937",1937
"5743",579472,"Tocobaga","Mansfield 1937",1937
"5749",579480,"Pupoides","Mansfield 1937",1937
"5753",579485,"Spiraxis","Mansfield 1937",1937
"5754",579486,"Helicina","Mansfield 1937",1937
"5756",580106,"Assiminea","Mansfield 1937",1937
"5757",580108,"Amnicola","Mansfield 1937",1937
"5785",581239,"Anconia","Shepard 1937",1937
"5802",584414,"Praelapeirousia","Mermighis and Marcopoulou-Diacantoni 2004",2004
"5862",585076,"Hibolithes","Fozy and Janssen 2006",2006
"5886",588508,"Neobuchotrigonia","Dhondt and Jaillard 2005",2005
"5891",589495,"Longibelus","Moriya and Hirano 2001",2001
"5913",589657,"Cretadmete","Blagovetshenskiy and Shumilkin 2006",2006
"5915",590405,"Aphanoptyxis","Saul and Squires 1998",1998
"5945",600169,"Cadulus (Cadulus)","Stilwell and Zinsmeister 1992",1992
"5946",600183,"Gaimardia","Stilwell and Zinsmeister 1992",1992
"5955",601748,"Macgillavryia","Philip and Jaillard 2004",2004
"5969",602057,"Glossomyophorus","Masse et al. 2004",2004
"5991",602780,"Rhyncholithes","Giers 1964",1964
"6004",602886,"Paulckella","Cooper et al. 1989",1989
"6023",603246,"Kimbleia","Garcia-Barrera 2006",2006
"6024",603247,"Mexicaprina","Garcia-Barrera 2006",2006
"6035",603269,"Huetamia","Garcia-Barrera 2006",2006
"6036",603270,"Pantojaloria","Alencaster and Pantoja-Alor 1995",1995
"6045",603299,"Jalpania","Alencaster and Aguilar-Perez 1995",1995
"6046",603300,"Texicaprina","Garcia-Barrera 2006",2006
"6052",603306,"Guzzyella","Garcia-Barrera 2006",2006
"6054",603308,"Muellerriedia","Garcia-Barrera 2006",2006
"6058",603312,"Pacificaprina","Garcia-Barrera 2006",2006
"6064",603318,"Gonioteuthis","Niebuhr 2005",2005
"6127",603702,"Praecaprina","Masse et al. 1998",1998
"6144",603762,"Sphaerucaprina","Steuber 1999",1999
"6147",603781,"Lapeirousella","Steuber 1999",1999
"6164",603897,"Fossulites","Steuber 1999",1999
"6185",603924,"Hartwellia (Tealbya)","Zakharov et al. 1999",1999
"6186",603925,"Pronoella","Zakharov et al. 1999",1999
"6190",603932,"Petkovicia","Steuber 1999",1999
"6197",603993,"Hudlestonella","Zakharov et al. 1999",1999
"6236",604454,"Petalodontia","Masse et al. 1998",1998
"6250",604596,"Arcticlam","Marincovich 1993",1993
"6251",604632,"Mytilon","Marincovich 1993",1993
"6252",605108,"Archaeoradiolites","Fenerci-Masse et al. 2006",2006
"6315",606636,"Pterotrigonioides","Cooper 1979",1979
"6317",606686,"Speightia","Gage 1957",1957
"6330",606833,"Uttleya","Gage 1957",1957
"6334",606866,"Notogenota","Gage 1957",1957
"6347",607189,"Aptyxiella","Malchus et al. 1995",1995
"6349",607195,"Mathesia","Mainelli 1995",1995
"6353",607421,"Conobelus","Lukeneder 2004",2004
"6354",607429,"Bralitzia","Kaim 2001",2001
"6395",607648,"Bandellina","Kaim 2001",2001
"6421",608271,"Cochisella","Stoyanow 1949",1949
"6428",608309,"Sonoragonia","Stoyanow 1949",1949
"6503",612502,"Zhuravlevia","Doguzhaeva 1994",1994
"6508",612513,"Naefia","Doguzhaeva 1994",1994
"6512",612838,"Ceritella","Kollmann 2002",2002
"6586",614685,"Carinophylloceras","Klinger et al. 1975",1975
"6588",614692,"Praeaucellina","Crame 1996",1996
"6615",618479,"Dzikella","Kaim et al. 2004",2004
"6655",620260,"Margarita","Smettan 1997",1997
"6664",620315,"Planocaprina","Scott 1995",1995
"6711",622431,"Pseudopironaea","Kollmann et al. 1985",1985
"6733",623187,"Apulites","Cestari and Sirna 1987",1987
"6778",623728,"Shasticrioceras","Kozai 1986",1986
"6819",625453,"Adaptyxis","Kollmann and Peza 1997",1997
"6827",625464,"Lovetchenia","Masse et al. 1998",1998
"6840",625579,"Phaneroptyxis","Chernov and Yanin 1979",1979
"6841",625580,"Campichia","Chernov and Yanin 1979",1979
"6900",626622,"Diplomitra","Wellman 1953",1953
"6911",626814,"Cristalloella (Wonwalica)","Kaim 2004",2004
"6918",629461,"Zephos","Gage 1957",1957
"6919",629537,"Aethocola (Aethocola)","Gage 1957",1957
"6940",636529,"Elliptio","Ruiz-Omeñaca et al. 2005",2005
"6977",641207,"Avramidiscus","Vasicek 2006",2006
"6978",641211,"Davidiceras","Vasicek 2006",2006
"6980",641297,"Archimedea","Geyer and Rosendahl 1985",1985
"6981",641298,"Auroraella","Geyer and Rosendahl 1985",1985
"6984",641301,"Polyptyxis","Geyer and Rosendahl 1985",1985
"6989",641357,"Myophorella (Myophorella)","Kelly 1984",1984
"7013",641604,"Levantotrigonia","Vokes 1946",1946
"7052",646851,"Turritelloidea","Cserna 1956",1956
"7065",647709,"Paramusculus","Kadolsky and Koch 1988",1988
"7066",647715,"Mancosinodia","Kadolsky and Koch 1988",1988
"7082",648370,"Tinostoma (Megatyloma)","Skwarko 1994",1994
"7127",656778,"Hyriopsis","Mizuno 1964",1964
"7136",660473,"Cuneopsis","Van Itterbeeck et al. 2007",2007
"7137",660474,"Acuticosta","Van Itterbeeck et al. 2007",2007
"7138",660475,"Lamprotula","Van Itterbeeck et al. 2007",2007
"7162",661173,"Liratomina","Darragh 1985",1985
"7164",662508,"Maudrillia","Darragh 1985",1985
"7167",663038,"Solamen (Exosiperna)","Tate 1886",1886
"7169",663757,"Strophitus","Russell 1935",1935
"7210",668238,"Pseudocymia","Popenoe and Saul 1987",1987
"7214",668248,"Murphitys","Popenoe and Saul 1987",1987
"7219",668667,"Christitys","Popenoe and Saul 1987",1987
"7260",678997,"Parabournonia","Torre 1960",1960
"7408",690011,"Pseudotylostoma","Weidemeyer 2007",2007
"7411",690130,"Conchemipora","Chartrousse and Masse 1998",1998
"7429",690251,"Schiosia","Mainelli 1992",1992
"7479",690875,"Belemnellocamax","Erikkson et al. 2011",2011
"7605",692094,"Fundinia","Sladic-Trifunovic 1998",1998
"7734",692469,"Orthoptychus","Carbone and Sirna 1981",1981
"7737",692476,"Cossmannea","Carbone and Sirna 1981",1981
"7752",694680,"Favus","Laviano and Skelton 1992",1992
"7789",695157,"Crassitoniella","Lozouet 1998",1998
"7791",695160,"Tubbreva","Lozouet 1998",1998
"7793",695165,"Iravadia (Pseudonoba)","Lozouet 1998",1998
"7800",695249,"Orbitestella","Lozouet 1998",1998
"7851",701039,"Elmira","Cooke 1919",1919
"7854",701171,"Peraubium","Dominici and Kowalke 2007",2007
"7893",704114,"Neocylindrites","Gründel and Kollmann 2012",2012
"7899",704817,"Arctomelon","Oleinik and Marincovich 2003",2003
"7919",722624,"Cyclostoma","Ruddock 1966",1966
"7924",724638,"Platygena","Lan 1997",1997
"7925",725821,"Tivellina","Kecskemetine-Körmendy 1964",1964
"7973",729950,"Pyramitoma","Skwarko 1994",1994
"7993",734119,"Nanggulania","Zamparini 2001",2001
"8024",739726,"Entalina","Rolando 2001",2001
"8028",751753,"Coralliophaga (Oryctomya)","Toulmin 1977",1977
"8073",757387,"Hungarosepia","Fornaseiro and Vicariotto 1995",1995
"8074",757538,"Spirulirostra","Fornasiero and Vicariottio 1997",1997
"8078",758735,"Bulovia","Toulmin 1977",1977
"8080",759149,"Lisbonia","Toulmin 1977",1977
"8144",768116,"Teichertia","Glenister et al. 1956",1956
"8177",769958,"Diploceras","Wiedmann 1978",1978
"8237",771852,"Actinosepia","Russell and Landes 1937",1937
"8249",773274,"Rugaptychus","Kennedy 1993",1993
"8261",774754,"Anticlimax","Govoni 1983",1983
"8287",776100,"Anodontites","Bertini et al. 2001",2001
"8301",777114,"Parahibolites","Ineson et al. 1986",1986
"8316",777526,"Cyrenopsis","Speden 1975",1975
"8415",779135,"Prisodontopsis","McNamara 1978",1978
"8443",780238,"Pseudomonotis","Whitehouse 1946",1946
"8447",780308,"Camptoceratops","Foster et al. 2020",2020
"8500",782704,"Plotophysops","Garvie 1996",1996
"8509",784009,"Niobrarateuthis","Miller 1957",1957
"8512",784012,"Enchoteuthis","Green 1977",1977
"8529",785837,"Microphysula","Gingerich 1987",1987
"8530",785838,"Pyramidula","Gingerich 1987",1987
"8531",785840,"Albertanella","Gingerich 1987",1987
"8585",786103,"Parasarcolites","Mitchell et al. 2007",2007
"8586",786104,"Polysarcolites","Mitchell et al. 2007",2007
"8858",803869,"Pleurobema","McLearn 1926",1926
"8888",804731,"Matheronia (Monnieria)","Alloiteau 1960",1960
"8951",808426,"Trochifusus","Wade 1926",1926
"9010",814348,"Retha","Löser et al. 2009",2009
"9054",823376,"Orbigonina","Stilwell and Gallagher 2009",2009
"9055",826710,"Prospondylus","Donze and Le Hégarat 1965",1965
"9056",826855,"Chiton (Chiton)","Smith 1973",1973
"9058",827054,"Haeggochiton","Smith 1973",1973
"9059",827055,"Scanochiton","Smith 1973",1973
"9060",827056,"Ivoechiton","Smith 1973",1973
"9061",827059,"Aulacochiton","Smith 1973",1973
"9063",827063,"Olingechiton","Smith 1973",1973
"9120",828634,"Nerinoides","Kase 1984",1984
"9121",828643,"Hayamia","Kase 1984",1984
"9136",833181,"Amalthea","Cooke 1936",1936
"9140",834263,"Debrunia","Masse and Fenerci-Masse 2009",2009
"9144",834267,"Homopleura","Masse and Fenerci-Masse 2009",2009
"9170",855692,"Gresslya","Fischer 1992",1992
"9174",864023,"Pseudocirsope","Schindler et al. 2009",2009
"9276",880114,"Pseudohyria","Shen and Mateer 1992",1992
"9282",884675,"Potosites","Pons et al. 2010",2010
"9296",885398,"Belemnosella","Palmer and Brann 1965",1965
"9308",886736,"Phylloceras (Gyrophylloceras)","Besairie and Collignon 1972",1972
"9348",887740,"Rhytidoceras","Besairie and Collignon 1972",1972
"9361",887989,"Eosinica","Palmer and Brann 1965",1965
"9398",889141,"Dentiterebra","Palmer and Brann 1965",1965
"9400",889234,"Ovulactaeon","Palmer and Brann 1965",1965
"9407",889348,"Tibiella","Palmer and Brann 1965",1965
"9420",889632,"Fusitoma","Palmer and Brann 1965",1965
"9427",889705,"Saxicavella","Palmer and Brann 1965",1965
"9452",891288,"Psilocochlis","Palmer and Brann 1965",1965
"9483",892342,"Margaritaria","Palmer and Brann 1965",1965
"9532",894642,"Johnwyattia","Etayo Serna 1979",1979
"9538",895351,"Euloxa","Palmer and Brann 1966",1966
"9549",896087,"Struthiolariopsis","del Rio 2002",2002
"9607",905356,"Glyphiteuthis","Fuchs et al. 2010",2010
"9626",907205,"Trapezium (Neotrapezium)","Matsubara et al. 2010",2010
"9652",924750,"Plagiodontes","Miquel and Bellosi 2010",2010
"9653",924751,"Colhueconus","Miquel and Bellosi 2010",2010
"9654",924752,"Gyrocochlea","Miquel and Bellosi 2010",2010
"9655",924753,"Lilloiconcha","Miquel and Bellosi 2010",2010
"9656",924754,"Radiodiscus","Miquel and Bellosi 2010",2010
"9657",924755,"Rotadiscus","Miquel and Bellosi 2010",2010
"9658",924756,"Stephanoda","Miquel and Bellosi 2010",2010
"9659",924757,"Stephadiscus","Miquel and Bellosi 2010",2010
"9660",924758,"Zilchogyra","Miquel and Bellosi 2010",2010
"9738",952508,"Stenothyroides","Marquet et al. 2008",2008
"9743",952531,"Planorbarius","Marquet et al. 2008",2008
"9745",952533,"Microstele","Marquet et al. 2008",2008
"9747",952535,"Vertigo (Vertigo)","Marquet et al. 2008",2008
"9749",952537,"Gastrocopta","Marquet et al. 2008",2008
"9756",952616,"Middendorfia","Marquet et al. 2008",2008
"9763",952677,"Mercuria","Marquet et al. 2008",2008
"9764",952678,"Martinietta","Marquet et al. 2008",2008
"9808",967011,"Argenticyprina","Lazo and Damborenea 2011",2011
"9846",969553,"Mrhilaia","El Qot 2006",2006
"9891",970466,"Aplexa","Csiki et al. 2008",2008
"9914",971431,"Peruviella","Buitrón-Sánchez and López-Tinajero 1995",1995
"9930",975669,"Anisocardioides","Matsukawa and Fukui 2009",2009
"10062",1018905,"Balaklavella","Yanin 2004",2004
"10064",1018910,"Orthotrigonia","Yanin 2004",2004
"10066",1018913,"Yaninella","Yanin 2004",2004
"10084",1019011,"Saveligonia","Yanin 2004",2004
"10167",1080656,"Anditrigonia","Leanza et al. 1990",1990
"10262",1109131,"Sogdianella","Ayoub-Hannaa 2011",2011
"10314",1118470,"Robus","Frenguelli 1941",1941
"10338",1124915,"Bengtsonigonia","Hessel 2005",2005
"10341",1125838,"Myoconcha (Modiolina)","Dhondt and Dieni 1993",1993
"10344",1129422,"Rhyssomytiloides","Andrade 2005",2005
"10381",1148618,"Nautilorhynchus","Košťak et al. 2010",2010
"10397",1165613,"Patera","Archangelsky et al. 2012",2012
"10441",1176471,"Araeopleura","El-Shazly et al. 2011",2011
"10443",1176473,"Simacia","El-Shazly et al. 2011",2011
"10499",1179460,"Paskentana","Kiel et al. 2008",2008
"10502",1179463,"Abyssochrysos","Kiel et al. 2008",2008
"10503",1179464,"Hokkaidoconcha","Kiel et al. 2008",2008
"10508",1179482,"Lithomphalus","Kiel and Campbell 2005",2005
"10547",1182522,"Rosellia","Vicens et al. 2004",2004
"10559",1193223,"Dorateuthis","Kolbe 1888",1888
"10663",1225711,"Monopilarites","Philip and Platel 1998",1998
"10942",1232949,"Tatella","Skwarko 1967",1967
"11796",1237628,"Contraspira","Mitchell 2009",2009
"11961",1241382,"Stagnicola","Murphey et al. 2001",2001
"12004",1250694,"Conchorhynchus","Leloux 2002",2002
"12012",1252251,"Hydrobia (Hydrobia)","Pan 1977",1977
"12013",1252252,"Hydrobia (Littorinella)","Pan 1977",1977
"12016",1252257,"Cochlicopa","Pan 1977",1977
"12018",1252259,"Vitrina","Pan 1977",1977
"12020",1252261,"Grandipatula (Patulizonites)","Pan 1977",1977
"12021",1252262,"Opeas","Pan 1977",1977
"12055",1254096,"Pseudonautilus","Shimansky 1975",1975
"12057",1254098,"Aulaconautilus","Shimansky 1975",1975
"12058",1254099,"Xenocheilus","Shimansky 1975",1975
"12060",1254101,"Palelialia","Shimansky 1975",1975
"12166",1262049,"Umpquaia","Stewart 1946",1946
"12258",1277621,"Lepeniceras","Vasicek et al. 2014",2014
"12262",1280639,"Amalda (Alocospira)","Lozouet 1992",1992
"12264",1282527,"Syrionautilus","Foord and Crick 1890",1890
"12267",1283473,"Steinmanella (Litschkovitrigonia)","Prosorovsky 1990",1990
"12287",1285295,"Josanautilus","Vilanova y Piera 1870",1870
"12323",1285842,"Limicolaria","Neubert and van Damme 2012",2012
"12325",1285846,"Zootecus","Neubert and van Damme 2012",2012
"12326",1285847,"Trochozonites","Neubert and van Damme 2012",2012
"12327",1285928,"Spoelia","Cahuzac and Janssen 2010",2010
"12334",1285965,"Peraclis","Cahuzac and Janssen 2010",2010
"12337",1286059,"Euchilotheca","Cahuzac and Janssen 2010",2010
"12363",1287893,"Bourguetia","Chattopadhyay 2004",2004
"12364",1288625,"Humptulipsia","Goedert and Kaler 1996",1996
"12367",1289750,"Cyclophorus","Grigorescu et al. 1985",1985
"12370",1296330,"Tonicia","Dell'Angelo et al. 2014",2014
"12371",1296331,"Lepidochitona","Dell'Angelo et al. 2014",2014
"12374",1296750,"Aegyptosaepia","Košťák et al. 2013",2013
"12375",1296751,"Anomalosaepia","Košťák et al. 2013",2013
"12463",1315746,"Iravadia (Iravadia)","Lozouet 2003",2003
"12468",1317686,"Brachycerithium","Cónsole Gonella 2011",2011
"12474",1317765,"Sigaretornus","Lauridsen and Schnetler 2014",2014
"12475",1317770,"Laeviphitus","Lauridsen and Schnetler 2014",2014
"12480",1317870,"Rissoella","Lauridsen and Schnetler 2014",2014
"12488",1318158,"Floribella","Pacaud 2003",2003
"12497",1321572,"Rigauxia","Gründel and Kollmann 2012",2012
"12500",1321575,"Favria","Gründel and Kollmann 2012",2012
"12505",1321678,"Dumasella","Cossmann 1916",1916
"12508",1321708,"Lacunella","Caze et al. 2012",2012
"12509",1321724,"Acrocolpus","Caze et al. 2012",2012
"12510",1321777,"Eomorea","d'Orbigny 1843",1843
"12511",1321781,"Staliopsis (Sandbergeriella)","Cossmann 1921",1921
"12512",1321782,"Cirsomphalus","Cossmann 1921",1921
"12513",1321834,"Galericulus","Seeley 1861",1861
"12533",1322814,"Costhyrella","Pacaud 1997",1997
"12556",1323451,"Valvata (Valvata)","Glibert 1962",1962
"12564",1323475,"Stalioa","Glibert 1962",1962
"12565",1323476,"Lutetiella","Glibert 1962",1962
"12573",1323672,"Bythinella (Acrophlyctis)","Glibert 1962",1962
"12581",1325847,"Cochliolepis (Tylaxis)","Garvie 2013",2013
"12585",1325891,"Pyrgula","Glibert 1949",1949
"12614",1331693,"Pyrunculus","MacNeil and Dockery 1984",1984
"12629",1334362,"Gemmoliva","Darragh and Kendrick 2008",2008
"12669",1336006,"Ischnochiton","Dell'Angelo et al. 2011",2011
"12673",1336010,"Craspedochiton","Dell'Angelo et al. 2011",2011
"12681",1336022,"Dorcasia","Pickford 2015",2015
"12683",1336030,"Trigonephrus","Pickford 2015",2015
"12817",1348343,"Australorbis","Crochet et al. 1988",1988
"12819",1348975,"Cepaea","Mennecart et al. 2012",2012
"12827",1350955,"Jaccardiella","Arkadiev et al. 2000",2000
"12830",1350962,"Macrophylloceras","Arkadiev et al. 2000",2000
"12835",1351817,"Strophostoma","Sudre 1969",1969
"12841",1353008,"Zachrysia","Roth 1988",1988
"12842",1353009,"Labyrinthus","Roth 1988",1988
"12843",1353010,"Helminthoglypta","Roth 1988",1988
"12957",1354602,"Bearizia","Pacaud et al. 2013",2013
"13055",1359708,"Bullaea","Deshayes 1824",1824
"13115",1364573,"Zinsitys","Elder and Miller 1993",1993
"13141",1371493,"Youngicaprina","Scott et al. 2016",2016
"13163",1371720,"Neokimbleia","Scott et al. 2016",2016
"13167",1372591,"NO_GENUS_SPECIFIED","Ciobanu 1977",1977
"13174",1374657,"Antarctiteuthis","Doyle and Shakides 2004",2004
"13278",1390460,"Ferrissia","Yen 1948",1948
"13292",1390486,"Vertigo","Yen 1948",1948
"13303",1390498,"Anisus","McKenna et al. 1962",1962
"13322",1394595,"Proparreysia","Roth and Hartman 1998",1998
"13323",1394596,"Quadrula","Roth and Hartman 1998",1998
"13325",1394598,"Pleiodon","Roth and Hartman 1998",1998
"13374",1406855,"Micrarionta","Weaver and Kleinpell 1963",1963
"13381",1419378,"Arguniella","Li et al. 2018",2018
"13390",1424373,"Menetus","Yen 1946",1946
"13394",1424377,"Charydrobia","Yen 1946",1946
"13400",1424383,"Glypterpes","Yen 1946",1946
"13406",1428050,"Depressigyra","Hybertsen and Kiel 2018",2018
"13407",1428054,"Desbruyeresia","Hybertsen and Kiel 2018",2018
"13409",1428057,"Hyalogyrina","Hybertsen and Kiel 2018",2018
"13426",1433394,"Lysinoe","Roth 1984",1984
"13427",1433395,"Polymita","Roth 1984",1984
"13437",1433405,"Xerarionta","Roth 1984",1984
"13438",1433406,"Pleurodonte (Pleurodonte)","Roth 1984",1984
"13465",1438018,"Margaritifera (Margaritifera)","Mongin and Lapparent 1968",1968
"13466",1438019,"Margaritifera (Pseudunio)","Mongin and Lapparent 1968",1968
"13481",1439396,"Kleinacteon","Turner 1938",1938
"13482",1439521,"Mengyinaia","Fang et al. 2009",2009
"13483",1439522,"Pseudelliptio","Fang et al. 2009",2009
"13486",1439720,"Jilinoconcha","Fang et al. 2009",2009
"13487",1440119,"Cyotrigonioides","Fang et al. 2009",2009
"13488",1440120,"Sinonaia","Fang et al. 2009",2009
"13489",1440121,"Multiplicanaia","Fang et al. 2009",2009
"13490",1440122,"Peregrinoconcha","Fang et al. 2009",2009
"13491",1440123,"Nippononaia (Eonippononaia)","Fang et al. 2009",2009
"13492",1440124,"Nippononaia (Eomartinsonella)","Fang et al. 2009",2009
"13493",1440125,"Trigonioides (Didymotrigonioides)","Fang et al. 2009",2009
"13494",1440126,"Trigonioides (Xizangotrigonioides)","Fang et al. 2009",2009
"13495",1440128,"Eotrigonioides","Fang et al. 2009",2009
"13499",1440375,"Yunnanoconcha","Fang et al. 2009",2009
"13500",1440376,"Plicatounio (Enotrigonioides)","Fang et al. 2009",2009
"13501",1440377,"Plicatounio (Lioplicatounio)","Fang et al. 2009",2009
"13502",1440378,"Plicatounio (Guangxiplicatounio)","Fang et al. 2009",2009
"13504",1440410,"Plicatounio (Rongxiania)","Fang et al. 2009",2009
"13512",1440875,"Weichangella","Fang et al. 2009",2009
"13515",1440938,"Plicatounio (Acclinoplicatounio)","Fang et al. 2009",2009
"13516",1440949,"Pseudohyrioides","Fang et al. 2009",2009
"13517",1440995,"Songhuanaia","Fang et al. 2009",2009
"13518",1441004,"Rutonia","Fang et al. 2009",2009
"13520",1441010,"Aquilonia","Fang et al. 2009",2009
"13521",1441013,"Yunshania","Fang et al. 2009",2009
"13522",1441015,"Gansuella","Fang et al. 2009",2009
"13523",1441016,"Neomiodonoides","Fang et al. 2009",2009
"13524",1441020,"Sphaerioides","Fang et al. 2009",2009
"13525",1441215,"Strobilops","Daxner-Höck et al. 2017",2017
"14027",1467976,"Leptogyra","Kiel and Goedert 2007",2007
"14028",1467989,"Xylodiscula","Kiel and Goedert 2007",2007
"14030",1468868,"Retiskenea","Goedert and Benham 1999",1999
"14049",1469064,"Tindaria","Kiel 2006",2006
"14105",1471068,"Lampsilis","Foster et al. 2020",2020
"14117",1471673,"Megalonaias","Foster et al. 2020",2020
"14146",1472769,"Mexfusus","Vermeij et al. 2004",2004
"14174",1473531,"Amorina","Melliti et al. 2019",2019
"14261",1476036,"Doliella","Foster et al. 2020",2020
"14266",1476105,"Campylacrum","Foster et al. 2020",2020
"14269",1476130,"Cheilospicata","Foster et al. 2020",2020
"14271",1476135,"Onithochiton","Foster et al. 2020",2020
"14276",1476551,"Bartschia","Foster et al. 2020",2020
"14312",1478442,"Cochliolepis","Foster et al. 2020",2020
"14321",1478510,"Macromphalina","Foster et al. 2020",2020
"14323",1478547,"Physella","Foster et al. 2020",2020
"14396",1481737,"Menneroctenia","Amano et al. 2018",2018
"14398",1481752,"Striodentalium","Amano et al. 2018",2018
"14444",1483540,"Pseudosuccinea","Foster et al. 2020",2020
"14455",1487108,"Potamolithus","Miquel 2024",2024
"14459",1487851,"Oligochiton","Berry 1922",1922
"14527",1496641,"Segmentina","Hanna and Hertlein 1938",1938
"14550",1496926,"Sepia","Durham 1944",1944
"14569",1500673,"Phorus","Conrad 1856",1856
"14575",1502213,"Heligmotenia","Douvillé 1920",1920
"14609",1504015,"Vespertilio","Riedel 1933",1933
"14656",1510890,"Hypophylloceras (Hypophylloceras)","Cooper 2003",2003
"14692",1522202,"Nanaimoteuthis","Tanabe and Hikida 2010",2010
"14694",1522212,"Yezoteuthis","Tanabe et al. 2006",2006
"14696",1522216,"Paleocirroteuthis","Tanabe et al. 2008",2008
"14703",1522258,"Rachiteuthis","Fuchs 2006",2006
"14705",1522260,"Trachyteuthis","Fuchs and Larson 2011",2011
"14707",1522262,"Boreopeltis","Fuchs and Larson 2011",2011
"14709",1522264,"Eromangateuthis","Fuchs 2019",2019
"14711",1522266,"Mastigophora","Engeser and Reitner 1985",1985
"14713",1522268,"Maioteuthis","Engeser and Reitner 1985",1985
"14715",1522270,"Plesioteuthis","Engeser and Reitner 1985",1985
"14716",1522271,"Neololigosepia","Reitner and Engeser 1982",1982
"14718",1522273,"Marekites","Fuchs et al. 2017",2017
"14728",1522407,"Groenlandibelus","Birkelund 1956",1956
"14729",1522408,"Cyrtobelus","Fuchs et al. 2012",2012
"14741",1522420,"Glyphidiopsis","Fuchs and Larson 2011",2011
"14763",1522628,"Muensterella","Fuchs et al. 2019",2019
"14787",1523177,"Pavloviteuthis","Jeletzky 1981",1981
"14792",1523182,"Chalalabelus","Jeletzky 1981",1981
"14795",1523185,"Styloteuthis","Fritsch 1910",1910
"14798",1523188,"Eoteuthoides","Fritsch 1910",1910
"14806",1523201,"Palaeoctopus","Engeser and Reitner 1986",1986
"14808",1523203,"Styletoctopus","Fuchs et al. 2009",2009
"14809",1523204,"Keuppia","Fuchs et al. 2009",2009
"14820",1524911,"Costazygia","Kaim 2004",2004
"14824",1524917,"Knightella","Kaim 2004",2004
"14829",1524934,"Proacirsa","Kaim 2004",2004
"14832",1525003,"Palaeoteuthis","Riegraf and Moosleitner 2010",2010
"14838",1525070,"Curtohibolites","Janssen 2010",2010
"14920",1534740,"Ceritella (Fibula)","Anderson 1958",1958
"14930",1536126,"Forsia","Saul 1988",1988
"15043",1552127,"Necroteuthis","Kretzoi 1942",1942
"15049",1555197,"Ptychoplasma","Cónsole-Gonella et al. 2017",2017
"15067",1561167,"Liocium","Squires and Saul 2003",2003
"15077",1561265,"Abyssomelania","Kaim et al. 2014",2014
"15078",1561267,"Ascheria","Kaim et al. 2014",2014
"15114",1561397,"Cydas","Saul and Popenoe 1993",1993
"15250",1567138,"Alencasteria","Pons et al. 2019",2019
"15251",1567139,"Stellacaprina","Pons et al. 2019",2019
"15308",1569730,"Trochonerita","Kołodziej and Bucur 2020",2020
"15352",1571631,"Ceratomya","Creixell et al. 2013",2013
"15357",1571645,"Virgotrigonia","Creixell et al. 2013",2013
"15445",1573857,"Splenditrigonia","Coloma et al. 2020",2020
"15458",1573971,"Mediterraneotrigonia","Creixell et al. 2013",2013
"15491",1580771,"Agria","Arévalo and Welkner 2008",2008
"15544",1590315,"Avicula (Oxytoma)","Imlay 1960",1960
"15561",1594565,"Goretophylloceras","Murphy and Rodda 2006",2006
"15583",1595236,"Helisoma","Antoine et al. 2021",2021
"15634",1602251,"Hyridella","Poropat et al. 2022",2022
"15638",1604398,"Loligo","Mironenko et al. 2021",2021
"15641",1613775,"Barcoona","Kendrick and Vartak 2007",2007
"15652",1619338,"Belemnitina","Takakuwa et al. 2008",2008
"15673",1630869,"Pupoides (Ischnopupoides)","Cabrera and Martínez 2017",2017
"15674",1630870,"Bahiensis","Cabrera and Martínez 2012",2012
"15675",1630871,"Eoborus","Cabrera et al. 2018",2018
"15701",1630901,"Brasilennea","Salvador and Simone 2012",2012
"15704",1631048,"Hydrocena","Yu and Neubauer 2021",2021
"15705",1631049,"Eotrichophorus","Bullis et al. 2020",2020
"15706",1631050,"Perissocyclos","Bullis et al. 2020",2020
"15707",1631051,"Macropupina","Bullis et al. 2020",2020
"15709",1631057,"Euthema","Bullis et al. 2020",2020
"15711",1631061,"Archaeocyclotus","Bichain et al. 2022",2022
"15712",1631062,"Burminella","Balashov et al. 2021",2021
"15715",1631065,"Lagocheilus","Hirano et al. 2019",2019
"15718",1631068,"Schistoloma","Hirano et al. 2019",2019
"15719",1631069,"Hirsuticyclus","Neubauer et al. 2019",2019
"15723",1631076,"Cretatortulosa","Jochum et al. 2021",2021
"15724",1631077,"Pseudopomatias","Yu et al. 2018",2018
"15730",1631088,"Cretadiostoma","Yu et al. 2023",2023
"15733",1631091,"Coptocheilus","Yu et al. 2023",2023
"15735",1631093,"Balticopta","Balashov and Perkovsky 2020",2020
"15737",1631712,"Cyathopoma","Yu et al. 2022",2022
"15792",1638513,"Tricula","Yu et al. 2023",2023
"15811",1638620,"Cataldia","Cataldo 2017",2017
"15820",1638810,"Bythinia","Clark 1911",1911
"15931",1664875,"Auroradiolites","Barman et al. 2023",2023
"15933",1665871,"Bolcaoctopus","Mironenko et al. 2024",2024
"15936",1666432,"Pseudaturoidea","Baudouin and Delanoy 2024",2024
"15947",1672926,"Callochiton","Wu and Lee 2024",2024
"15948",1672928,"Plaxiphora","Wu and Lee 2024",2024
"15949",1672929,"Chiton (Rhyssoplax)","Wu and Lee 2024",2024
"15950",1672930,"Lorica","Wu and Lee 2024",2024
"16010",1688794,"Bocourtia","Miquel 2024",2024
"16011",1688798,"Leptinaria","Miquel 2024",2024
"16134",1693814,"Pterotrigonia (Rinetrigonia)","Olivero et al. 1990",1990
"16149",1695476,"Trapezium (Schedotrapezium)","Gabb 1864",1864
"16150",1695495,"Ventridens","Gabb 1864",1864
"16153",1699561,"Liobelus","Dzyuba et al. 2018",2018
"16155",1699571,"Pronoella (Dividella)","Dzyuba et al. 2018",2018
"16161",1699834,"Antutrigonia","Leanza 1993",1993
"16239",2038609,"Oligosarcolites","Mitchell and Gunter 2006",2006
"16265",2040349,"Boreophylloceras","Repin et al. 1998",1998
"16269",2046356,"Praecuvierina","Cahuzac and Janssen 2010",2010
"17263",27519,"Aucellina","Butterworth et al. 1988",1988
"17720",32272,"Sunites","Saks, ed 1975",1975
"17731",32476,"Arctotis","Saks, ed 1975",1975
"17968",34997,"Meleagrinella","Saks, ed 1975",1975
"18171",46358,"Polyconites","Calzada and Mar Urquiola 1995",1995
"18207",47217,"Icthyosarcolites","Pojarkova 1984",1984
"18247",52778,"Horiopleura","Masse et al. 1998",1998
"19792",97976,"Caprinella","Klein 1986",1986
"20407",273788,"Praecaprotina","Sano 1991",1991
"20601",385856,"Steinmannia","Thomson 1981",1981
"20629",387688,"Maccoyella","Speden 1973",1973
"20649",389589,"Malayomaorica","Speden 1973",1973
"20781",401008,"Didymotis","Sommermeier 1918",1918
"21239",423148,"Somapecten","MacLeod and Hills 1990",1990
"21820",521686,"Discus","Winkler 1983",1983
"22370",603249,"Tepeyacia","Garcia-Barrera 2006",2006
"22382",603271,"Douvillelia","Garcia-Barrera 2006",2006
"23348",636711,"Bositra","Villamil 1998",1998
"25655",855696,"Ptychogyra","Fischer 1992",1992
"27179",1224519,"Curtocaprina","Mitchell 2013",2013
"27218",1226487,"Magallanesia","Sano et al. 2014",2014
"28888",1301569,"Chaperia","Brown 1952",1952
"29882",1404556,"Entogonites","Tanaka et al. 2018",2018
"30001",1439375,"Allobuchia","Fang et al. 2009",2009
"32461",1664880,"Shajia","Barman et al. 2023",2023
"38116",495794,"Huxleyia","Kafanov and Ogasawara 2004",2004
"38561",564228,"Diceras","Delamette et al. 1997",1997
